INSERT INTO Reinos (Id_Reino, Nombre, Monarca, Id_Gobierno) VALUES
(1, 'Reino de Alabasta', 'Nefertari Vivi', 1),
(2, 'Reino de Dressrosa', 'Donquixote Doflamingo', 1),
(3, 'Reino de Wano', 'Kozuki Momonosuke', 2),
(4, 'Reino de Zou', 'Inuarashi', 1),
(5, 'Reino de Sabaody', 'Camie', 3),
(6, 'Reino de Fishman Island', 'Nefertari Vivi', 1),
(7, 'Reino de Skypiea', 'Enel', 1),
(8, 'Reino de Water 7', 'Franky', 1),
(9, 'Reino de East Blue', 'Monkey D. Luffy', 1),
(10, 'Reino de Marineford', 'Sengoku', 1),
(11, 'Reino de Impel Down', 'Magellan', 1),
(12, 'Reino de Alabasta II', 'Nefertari Cobra', 1),
(13, 'Reino de Enies Lobby', 'Rob Lucci', 1),
(14, 'Reino de Punk Hazard', 'Caesar Clown', 1),
(15, 'Reino de Elbaf', 'Hajrudin', 2),
(16, 'Reino de Flevance', 'Noble', 1),
(17, 'Reino de Baratie', 'Don Krieg', 1),
(18, 'Reino de Jaya', 'Bellamy', 1),
(19, 'Reino de Drum', 'Kureha', 1),
(20, 'Reino de Loguetown', 'Smoker', 1);

INSERT INTO Gobierno_Mundial (Id_Gobierno, Nombre, Rango, Influencia) VALUES
(1, 'Kong', 'Comandante en Jefe', 'Alta'),
(2, 'Imu', 'Soberano del Mundo', 'Máxima'),
(3, 'Sakazuki', 'Almirante de la Flota', 'Alta'),
(4, 'Kizaru', 'Almirante', 'Alta'),
(5, 'Fujitora', 'Almirante', 'Alta'),
(6, 'Ryokugyu', 'Almirante', 'Alta'),
(7, 'Sengoku', 'Inspector General', 'Alta'),
(8, 'Garp', 'Vicealmirante', 'Alta'),
(9, 'Tsuru', 'Vicealmirante', 'Media'),
(10, 'Doberman', 'Vicealmirante', 'Media'),
(11, 'Momonga', 'Vicealmirante', 'Media'),
(12, 'Onigumo', 'Vicealmirante', 'Media'),
(13, 'Strawberry', 'Vicealmirante', 'Media'),
(14, 'Smoker', 'Vicealmirante', 'Media'),
(15, 'Tashigi', 'Capitán', 'Baja'),
(16, 'Vergo', 'Vicealmirante', 'Media'),
(17, 'Coby', 'Capitán', 'Baja'),
(18, 'Helmeppo', 'Teniente', 'Baja'),
(19, 'Hina', 'Comodoro', 'Baja'),
(20, 'Sentomaru', 'Comandante', 'Baja');

INSERT INTO Rango_Marinos (Id_RangoM, Nombre, Descripcion) VALUES
(1, 'Almirante de la Flota', 'El rango más alto dentro de la Marina'),
(2, 'Almirante', 'Oficial de alto rango en la Marina'),
(3, 'Vicealmirante', 'Comandante de flotas y ejecutor de órdenes del Gobierno Mundial'),
(4, 'Comodoro', 'Oficial encargado de divisiones importantes'),
(5, 'Capitán', 'Encargado de dirigir una base o división marina'),
(6, 'Comandante', 'Oficial de rango medio en la jerarquía marina'),
(7, 'Teniente Comandante', 'Asistente del comandante en operaciones'),
(8, 'Teniente', 'Oficial subordinado con responsabilidades importantes'),
(9, 'Subteniente', 'Asistente del teniente en las operaciones'),
(10, 'Sargento Mayor', 'Oficial responsable de unidades pequeñas'),
(11, 'Sargento', 'Oficial encargado de pequeñas tareas'),
(12, 'Cabo', 'Oficial menor de la Marina'),
(13, 'Recluta', 'Nuevo miembro de la Marina en entrenamiento'),
(14, 'Subalmirante', 'Alto mando por debajo del almirante'),
(15, 'Contraalmirante', 'Comandante de operaciones especializadas'),
(16, 'Oficial', 'Oficial a cargo de misiones rutinarias'),
(17, 'Mayor', 'Encargado de operaciones tácticas'),
(18, 'Alférez', 'Subordinado del teniente comandante'),
(19, 'Brigadier', 'Oficial con funciones estratégicas'),
(20, 'General', 'Comandante de grandes unidades de la marina');

INSERT INTO Division_Marinos (Id_Division, Nombre, Descripcion) VALUES
(1, 'G-1', 'Base principal de la Marina en el Nuevo Mundo'),
(2, 'G-2', 'Base ubicada cerca de la Red Line'),
(3, 'G-3', 'Base estratégica en el Grand Line'),
(4, 'G-4', 'Base en la zona de la Gran Corriente'),
(5, 'G-5', 'Base cerca de Punk Hazard'),
(6, 'G-6', 'Base de respaldo de la G-5'),
(7, 'G-7', 'Base de defensa en el Grand Line'),
(8, 'G-8', 'Base conocida por su rigor en la disciplina'),
(9, 'G-9', 'Base especializada en misiones de rescate'),
(10, 'G-10', 'Base encargada de operaciones especiales'),
(11, 'G-11', 'Base marina en la Isla de las Sirenas'),
(12, 'G-12', 'Base enfocada en la investigación y desarrollo'),
(13, 'G-13', 'Base cercana a Sabaody'),
(14, 'G-14', 'Base defensiva del Gobierno Mundial'),
(15, 'G-15', 'Base en el Calm Belt'),
(16, 'G-16', 'Base de control en la Red Line'),
(17, 'G-17', 'Base en las islas del Este'),
(18, 'G-18', 'Base cercana a Elbaf'),
(19, 'G-19', 'Base en el Polo Sur'),
(20, 'G-20', 'Base en el Polo Norte');

INSERT INTO Frutas_del_Diablo (Id_FrutaDiablo, Nombre, Tipo, Poder, Descripcion) VALUES 
(1, 'Gomu Gomu no Mi', 'Paramecia', 'Elasticidad', 'Permite que el usuario se estire como goma.'),
(2, 'Mera Mera no Mi', 'Logia', 'Fuego', 'Permite al usuario controlar el fuego.'),
(3, 'Yami Yami no Mi', 'Logia', 'Oscuridad', 'Permite al usuario controlar la oscuridad.'),
(4, 'Suna Suna no Mi', 'Logia', 'Arena', 'Permite al usuario convertirse en arena.'),
(5, 'Horu Horu no Mi', 'Paramecia', 'Hormonas', 'Permite manipular hormonas del cuerpo.'),
(6, 'Ope Ope no Mi', 'Paramecia', 'Cirugía', 'Permite realizar cirugías sin tocar.'),
(7, 'Tori Tori no Mi, modelo: Fénix', 'Zoan', 'Renacimiento', 'Permite renacer tras la muerte.'),
(8, 'Noro Noro no Mi', 'Paramecia', 'Tiempo', 'Permite ralentizar el tiempo.'),
(9, 'Horu Horu no Mi', 'Paramecia', 'Hormonas', 'Permite manipular hormonas del cuerpo.'),
(10, 'Gura Gura no Mi', 'Paramecia', 'Terremoto', 'Permite generar terremotos.'),
(11, 'Mochi Mochi no Mi', 'Paramecia', 'Masa', 'Permite crear y controlar mochi.'),
(12, 'Suke Suke no Mi', 'Paramecia', 'Invisibilidad', 'Permite al usuario volverse invisible.'),
(13, 'Mato Mato no Mi', 'Paramecia', 'Marcación', 'Permite marcar y conectar objetos.'),
(14, 'Ushi Ushi no Mi, modelo: Bisonte', 'Zoan', 'Fuerza', 'Permite transformarse en un bisonte.'),
(15, 'Nika Nika no Mi', 'Paramecia', 'Sonrisas', 'Permite al usuario crear sonrisas.'),
(16, 'Tori Tori no Mi, modelo: Halcón', 'Zoan', 'Vuelo', 'Permite volar como un halcón.'),
(17, 'Horu Horu no Mi', 'Paramecia', 'Hormonas', 'Permite manipular hormonas del cuerpo.'),
(18, 'Rumble Rumble no Mi', 'Logia', 'Rayo', 'Permite al usuario controlar rayos.'),
(19, 'Kira Kira no Mi', 'Paramecia', 'Brillo', 'Permite al usuario brillar y deslumbrar.'),
(20, 'Gura Gura no Mi', 'Paramecia', 'Terremoto', 'Permite generar terremotos.');

INSERT INTO Armamentos (Id_Armamento, Tipo, Cantidad, Descripcion)
VALUES
(1, 'Espadas', 200, 'Sables afilados utilizados por los piratas.'),
(2, 'Pistolas', 500, 'Armas de fuego utilizadas por marinos y piratas.'),
(3, 'Cañones', 50, 'Cañones de largo alcance usados en navíos.'),
(4, 'Lanzas', 100, 'Armas largas para el combate cuerpo a cuerpo.'),
(5, 'Cuchillos', 300, 'Armas cortas para combate cercano.'),
(6, 'Mosquetes', 120, 'Armas de fuego de largo alcance.'),
(7, 'Arcos', 150, 'Armas de proyectiles usadas por cazadores y arqueros.'),
(8, 'Hachas', 80, 'Armas pesadas utilizadas por guerreros y piratas.'),
(9, 'Bazucas', 20, 'Armas de destrucción masiva portátiles.'),
(10, 'Ballestas', 70, 'Armas de proyectiles silenciosas.'),
(11, 'Lanzas Flameantes', 60, 'Lanzas especializadas que emiten fuego.'),
(12, 'Cadenas', 90, 'Cadenas usadas para inmovilizar enemigos.'),
(13, 'Garrotes', 110, 'Armas contundentes usadas por piratas.'),
(14, 'Shurikens', 300, 'Estrellas arrojadizas para ataques rápidos.'),
(15, 'Mauser', 50, 'Pistolas alemanas de gran precisión.'),
(16, 'Bombas de Humo', 70, 'Dispositivos usados para crear confusión.'),
(17, 'Escudos', 200, 'Protección utilizada por guerreros y marinos.'),
(18, 'Granadas', 100, 'Explosivos usados en combate naval.'),
(19, 'Tridentes', 90, 'Armas usadas en combate submarino.'),
(20, 'Flechas Explosivas', 75, 'Flechas con puntas explosivas.');

INSERT INTO Tripulaciones (Id_Tripulacion, Nombre, Numero) VALUES
(1, 'Sombrero de Paja', 10),
(2, 'Baroque Works', 200),
(3, 'Corazón', 20),
(4, 'Big Mom Pirates', 80),
(5, 'Kid Pirates', 50),
(6, 'Bestias', 100),
(7, 'Barbanegra', 10),
(8, 'Whitebeard Pirates', 1600),
(9, 'Roger Pirates', 30),
(10, 'Kuja Pirates', 40),
(11, 'Sun Pirates', 25),
(12, 'Donquixote Family', 100),
(13, 'Buggy Pirates', 30),
(14, 'Red Hair Pirates', 60),
(15, 'Krieg Pirates', 100),
(16, 'Black Cat Pirates', 40),
(17, 'Foxy Pirates', 50),
(18, 'Bellamy Pirates', 25),
(19, 'Thriller Bark Pirates', 1000),
(20, 'Straw Hat Grand Fleet', 5640);

INSERT INTO Navios (Id_Navio, Nombre, Capacidad, Tipo, Tamaño, Id_Tripulacion) VALUES
(1, 'Thousand Sunny', 10, 'Barco Pirata', 'Mediano', 1),
(2, 'Going Merry', 10, 'Barco Pirata', 'Pequeño', 1),
(3, 'Red Force', 60, 'Barco Pirata', 'Grande', 14),
(4, 'Victoria Punk', 50, 'Barco Pirata', 'Grande', 5),
(5, 'Queen Mama Chanter', 100, 'Barco Pirata', 'Gigante', 4),
(6, 'Moby Dick', 1600, 'Barco Pirata', 'Gigante', 8),
(7, 'Polar Tang', 20, 'Submarino', 'Pequeño', 3),
(8, 'Baratie', 500, 'Restaurante Flotante', 'Grande', NULL),
(9, 'Shark Submerge', 10, 'Submarino', 'Pequeño', 1),
(10, 'Miss Love Duck', 40, 'Barco Pirata', 'Mediano', 10),
(11, 'Sexy Foxy', 50, 'Barco Pirata', 'Grande', 17),
(12, 'Thriller Bark', 1000, 'Barco Pirata', 'Gigante', 19),
(13, 'St. Briss', 50, 'Navío', 'Grande', NULL),
(14, 'Queen Mama', 100, 'Barco Pirata', 'Gigante', 4),
(15, 'Nostra Castello', 30, 'Barco Pirata', 'Mediano', 12),
(16, 'Big Top', 30, 'Barco Pirata', 'Mediano', 13),
(17, 'Peace Main', 25, 'Barco Pirata', 'Pequeño', 18),
(18, 'Gold Roger’s Ship', 30, 'Barco Pirata', 'Grande', 9),
(19, 'The Going Luffy-senpai', 5640, 'Barco Pirata', 'Gigante', 20),
(20, 'Blue Jam', 20, 'Barco Pirata', 'Mediano', NULL);

INSERT INTO Piratas (Id_Pirata, Nombre, Recompensa, Fecha_de_Nacimiento, Id_Tripulacion) VALUES
(1, 'Monkey D. Luffy', 1500000000, '1997-05-05', 1),
(2, 'Roronoa Zoro', 320000000, '1997-11-11', 1),
(3, 'Nami', 66000000, '1997-07-03', 1),
(4, 'Usopp', 200000000, '1997-04-01', 1),
(5, 'Sanji', 330000000, '1997-03-02', 1),
(6, 'Tony Tony Chopper', 100, '1997-12-24', 1),
(7, 'Nico Robin', 130000000, '1997-02-06', 1),
(8, 'Franky', 94000000, '1997-03-09', 1),
(9, 'Brook', 83000000, '1997-04-03', 1),
(10, 'Trafalgar D. Water Law', 500000000, '1997-10-06', 3),
(11, 'Eustass Kid', 470000000, '1997-01-10', 5),
(12, 'Charlotte Linlin', 4300000000, '1997-02-15', 4),
(13, 'Marshall D. Teach', 2200000000, '1997-08-03', 7),
(14, 'Shanks', 4040000000, '1997-03-09', 14),
(15, 'Buggy', 15000000, '1997-06-09', 13),
(16, 'Kaido', 4600000000, '1997-05-01', 6),
(17, 'Edward Newgate', 5000000000, '1997-10-10', 8),
(18, 'Silvers Rayleigh', 500000000, '1997-09-13', 9),
(19, 'Portgas D. Ace', 550000000, '1997-01-01', 8),
(20, 'Boa Hancock', 800000000, '1997-09-02', 10);

INSERT INTO Islas (Id_Isla, Nombre, Region, Tipo, Id_Reino) VALUES
(1, 'Isla Dawn', 'East Blue', 'Continental', 1),
(2, 'Marineford', 'Grand Line', 'Marina', NULL),
(3, 'Amazon Lily', 'Calm Belt', 'Selvática', 2),
(4, 'Isla Gyojin', 'Grand Line', 'Submarina', NULL),
(5, 'Dressrosa', 'New World', 'Tropical', 3),
(6, 'Whole Cake Island', 'New World', 'Archipiélago', NULL),
(7, 'Punk Hazard', 'New World', 'Volcánica', NULL),
(8, 'Enies Lobby', 'Grand Line', 'Judicial', NULL),
(9, 'Ohara', 'West Blue', 'Histórica', NULL),
(10, 'Zou', 'New World', 'Errante', NULL),
(11, 'Elbaf', 'New World', 'Gigante', NULL),
(12, 'Skypiea', 'Grand Line', 'Isla del Cielo', NULL),
(13, 'Little Garden', 'Grand Line', 'Prehistórica', NULL),
(14, 'Alabasta', 'Grand Line', 'Desértica', 4),
(15, 'Impel Down', 'Calm Belt', 'Prisión', NULL),
(16, 'Raftel', 'New World', 'Misteriosa', NULL),
(17, 'Jaya', 'Grand Line', 'Pirata', NULL),
(18, 'Sabaody Archipelago', 'Grand Line', 'Archipiélago', NULL),
(19, 'Thriller Bark', 'Florian Triangle', 'Errante', NULL),
(20, 'Wano', 'New World', 'Feudal', 5);

INSERT INTO Marinos (Id_Marino, Nombre, Id_Division, Id_RangoM, Id_Gobierno) VALUES
(1, 'Monkey D. Garp', 1, 1, 1),
(2, 'Sengoku', 2, 2, 1),
(3, 'Borsalino', 3, 3, 1),
(4, 'Sakazuki', 4, 4, 1),
(5, 'Kuzan', 5, 5, 1),
(6, 'Smoker', 6, 6, 1),
(7, 'Tashigi', 7, 7, 1),
(8, 'Vergo', 8, 8, 1),
(9, 'X Drake', 9, 9, 1),
(10, 'Koby', 10, 10, 1),
(11, 'Helmeppo', 11, 11, 1),
(12, 'Coby', 12, 12, 1),
(13, 'Momonga', 13, 13, 1),
(14, 'Onigumo', 14, 14, 1),
(15, 'Doberman', 15, 15, 1),
(16, 'Strawberry', 16, 16, 1),
(17, 'Hina', 17, 17, 1),
(18, 'Tsuru', 18, 18, 1),
(19, 'Fujitora', 19, 19, 1),
(20, 'Ryokugyu', 20, 20, 1);

INSERT INTO Batallas (Id_Batalla, Nombre, Fecha, Resultado, Id_Isla, Id_Reino) VALUES
(1, 'Batalla de Marineford', '2010-07-01', 'Victoria de los Piratas', 1, 1),
(2, 'Batalla de Enies Lobby', '2006-03-01', 'Victoria de los Piratas', 2, 2),
(3, 'Batalla de Dressrosa', '2014-08-01', 'Victoria de los Piratas', 3, 3),
(4, 'Batalla de Marineford II', '2010-07-02', 'Empate', 1, 1),
(5, 'Batalla de Sabaody', '2011-03-01', 'Derrota de los Piratas', 4, 4),
(6, 'Batalla de Wano', '2019-06-01', 'Victoria de los Piratas', 5, 5),
(7, 'Batalla de Whole Cake Island', '2018-03-01', 'Victoria de los Piratas', 6, 6),
(8, 'Batalla de Alabasta', '2002-05-01', 'Victoria de los Piratas', 7, 7),
(9, 'Batalla de Impel Down', '2010-01-01', 'Victoria de los Piratas', 8, 8),
(10, 'Batalla de Zou', '2016-01-01', 'Victoria de los Piratas', 9, 9),
(11, 'Batalla de Fishman Island', '2011-06-01', 'Victoria de los Piratas', 10, 10),
(12, 'Batalla de Loguetown', '2002-06-01', 'Victoria de los Piratas', 11, 11),
(13, 'Batalla de Jaya', '2004-01-01', 'Victoria de los Piratas', 12, 12),
(14, 'Batalla de Skypiea', '2004-02-01', 'Victoria de los Piratas', 13, 13),
(15, 'Batalla de Water 7', '2006-02-01', 'Empate', 14, 14),
(16, 'Batalla de Punk Hazard', '2013-07-01', 'Victoria de los Piratas', 15, 15),
(17, 'Batalla de Kuraigana', '2018-02-01', 'Derrota de los Piratas', 16, 16),
(18, 'Batalla de Elbaf', '2020-11-01', 'Victoria de los Piratas', 17, 17),
(19, 'Batalla de Dressrosa II', '2014-09-01', 'Victoria de los Piratas', 3, 3),
(20, 'Batalla de Flevance', '2011-09-01', 'Derrota de los Piratas', 18, 18);
